{
    "engineer": {
        "full_time": {
            "cost_per_hour": 2
        },
        "part_time": {
            "cost_per_hour": 1
        },
        "intern": {
            "cost_per_hour": 0.75
        }
    },
    "legal": {
        "full_time":{
            "cost_per_hour": 2
        },
        "part_time":{
            "cost_per_hour": 2
        }
    },
    "marketing": {
        "big_ad": {

        },
        "small_ad": {

        },
        "medium_ad": {
            
        }
    },
    "server": {
        "t2_big" :{},
        "t2_small" : {}
    }
}