{"type": "engineering_team", "data": {"full_time": [{"score": 4.6, "name": "A"}, {"score": 4.4, "name": "E"}, {"score": 2.6, "name": "I"}, {"score": 3.2, "name": "H"}, {"score": 3.4, "name": "D"}, {"score": 3.4, "name": "F"}, {"score": 3.6, "name": "B"}, {"score": 3.8, "name": "C"}], "part_time": [{"score": 4.6, "name": "M"}, {"score": 2.6, "name": "O"}, {"score": 3.2, "name": "N"}, {"score": 3.4, "name": "L"}, {"score": 3.8, "name": "P"}], "contract": [{"score": 4.4, "name": "Q"}, {"score": 3.4, "name": "R"}]}}