{"type": "finance", "data": {"full_time": [{"score": 5.26, "name": "Charlotte"}, {"score": 4.38, "name": "James"}, {"score": 5.12, "name": "Henry"}, {"score": 3.86, "name": "Charlotte"}, {"score": 1.06, "name": "Alexander"}, {"score": 1.58, "name": "Noah"}, {"score": 2.26, "name": "Charlotte"}, {"score": 2.32, "name": "Evelyn"}, {"score": 2.48, "name": "James"}, {"score": 2.5, "name": "Isabella"}, {"score": 2.72, "name": "Isabella"}, {"score": 2.84, "name": "Alexander"}, {"score": 2.9, "name": "Evelyn"}, {"score": 2.92, "name": "Harper"}, {"score": 3.18, "name": "Ethan"}, {"score": 3.34, "name": "Evelyn"}, {"score": 3.46, "name": "Ethan"}], "part_time": [{"score": 4.16, "name": "Liam"}, {"score": 1.46, "name": "William"}, {"score": 1.54, "name": "Liam"}, {"score": 1.84, "name": "William"}, {"score": 1.92, "name": "Mason"}, {"score": 2.62, "name": "Ava"}, {"score": 2.8, "name": "Mia"}, {"score": 3.24, "name": "Logan"}], "contract": [{"score": 4.54, "name": "Amelia"}, {"score": 1.44, "name": "Alexander"}, {"score": 2.56, "name": "Ava"}, {"score": 2.78, "name": "Noah"}, {"score": 3.24, "name": "Olivia"}, {"score": 3.24, "name": "Logan"}, {"score": 3.28, "name": "Alexander"}, {"score": 3.48, "name": "Liam"}]}}